{
 "n_train_rows": 160622,
 "n_test_rows": 29106,
 "test_positive_rate": 0.015254586683158112,
 "roc_auc": 0.8699670468039737,
 "roc_curve": {
  "fpr": [
   3.488940060009769e-05,
   0.014060428441839369,
   0.029586211708882842,
   0.0453911101807271,
   0.0618589072639732,
   0.07846626194961971,
   0.0952480636382667,
   0.11199497592631359,
   0.1284627730095597,
   0.1452794640988068,
   0.16209615518805387,
   0.17891284627730095,
   0.19552020096294745,
   0.21226711325099434,
   0.22908380434024145,
   0.24565626962528783,
   0.2626822971181355,
   0.2798129928127835,
   0.29582722768822833,
   0.31292303398227617,
   0.3299490614751239,
   0.34690531016677134,
   0.3638615588584188,
   0.3810271439536669,
   0.39815783964831486,
   0.4152885353429628,
   0.43241923103761076,
   0.45000348894006004,
   0.466785290628707,
   0.48395087572395507,
   0.5011862396204033,
   0.5183518247156513,
   0.5354825204102993,
   0.5527178843067476,
   0.5699183588025958,
   0.5871188332984439,
   0.604284418393692,
   0.6215197822901403,
   0.6387202567859884,
   0.6558858418812364,
   0.6731560951782848,
   0.6902519014723327,
   0.7074174865675807,
   0.724652850464029,
   0.7419231037610774,
   0.7590537994557254,
   0.7762891633521736,
   0.7934896378480217,
   0.8106552229432699,
   0.827855697439118,
   0.8450910613355662,
   0.8622915358314144,
   0.8794920103272625,
   0.8967273742237108,
   0.913927848719559,
   0.9311632126160072,
   0.9483985765124555,
   0.9659130556137046,
   0.9841602121275557,
   1.0
  ],
  "tpr": [
   0.0,
   0.20495495495495494,
   0.3130630630630631,
   0.40315315315315314,
   0.4527027027027027,
   0.49099099099099097,
   0.5180180180180181,
   0.5495495495495496,
   0.5968468468468469,
   0.6216216216216216,
   0.6486486486486487,
   0.6734234234234234,
   0.7117117117117117,
   0.740990990990991,
   0.7702702702702703,
   0.8085585585585585,
   0.8198198198198198,
   0.8806306306306306,
   0.9031531531531531,
   0.9099099099099099,
   0.9234234234234234,
   0.9391891891891891,
   0.954954954954955,
   0.9594594594594594,
   0.963963963963964,
   0.9684684684684685,
   0.972972972972973,
   0.9752252252252253,
   0.9774774774774775,
   0.9797297297297297,
   0.9797297297297297,
   0.9819819819819819,
   0.9864864864864865,
   0.9864864864864865,
   0.9864864864864865,
   0.9864864864864865,
   0.9887387387387387,
   0.9887387387387387,
   0.9887387387387387,
   0.990990990990991,
   0.9932432432432432,
   0.9954954954954955,
   0.9977477477477478,
   0.9977477477477478,
   0.9977477477477478,
   0.9977477477477478,
   0.9977477477477478,
   0.9977477477477478,
   1.0,
   1.0,
   1.0,
   1.0,
   1.0,
   1.0,
   1.0,
   1.0,
   1.0,
   1.0,
   1.0,
   1.0
  ]
 },
 "threshold": 0.35,
 "confusion_matrix": {
  "tp": 424,
  "fp": 10492,
  "fn": 20,
  "tn": 18170
 },
 "precision": 0.0388,
 "recall": 0.955,
 "f1": 0.0746,
 "accuracy": 0.6388,
 "calibration": [
  {
   "bin_center": 0.05,
   "predicted_mean": 0.06014230524082563,
   "observed_rate": 0.0,
   "n": 3007
  },
  {
   "bin_center": 0.15000000000000002,
   "predicted_mean": 0.15694253042915526,
   "observed_rate": 0.000565690849950502,
   "n": 7071
  },
  {
   "bin_center": 0.25,
   "predicted_mean": 0.24428466673104432,
   "observed_rate": 0.0012684319010623118,
   "n": 6307
  },
  {
   "bin_center": 0.35000000000000003,
   "predicted_mean": 0.34876095176841027,
   "observed_rate": 0.008297567954220314,
   "n": 3495
  },
  {
   "bin_center": 0.45,
   "predicted_mean": 0.45308522803937995,
   "observed_rate": 0.025666666666666667,
   "n": 3000
  },
  {
   "bin_center": 0.55,
   "predicted_mean": 0.5423377496994986,
   "observed_rate": 0.027404621171413217,
   "n": 1861
  },
  {
   "bin_center": 0.6500000000000001,
   "predicted_mean": 0.6439212388882531,
   "observed_rate": 0.03333333333333333,
   "n": 1290
  },
  {
   "bin_center": 0.75,
   "predicted_mean": 0.7583299770651513,
   "observed_rate": 0.029239766081871343,
   "n": 1368
  },
  {
   "bin_center": 0.8500000000000001,
   "predicted_mean": 0.8418635254199365,
   "observed_rate": 0.08970792767732963,
   "n": 1438
  },
  {
   "bin_center": 0.95,
   "predicted_mean": 0.9254191326996433,
   "observed_rate": 0.2342007434944238,
   "n": 269
  }
 ],
 "level_model": {
  "accuracy": 0.6789,
  "per_class": [
   {
    "class": "Extreme",
    "support": 42,
    "precision": 0.006,
    "recall": 1.0
   },
   {
    "class": "High",
    "support": 55,
    "precision": 0.026,
    "recall": 0.127
   },
   {
    "class": "Low",
    "support": 230,
    "precision": 0.049,
    "recall": 0.387
   },
   {
    "class": "Moderate",
    "support": 117,
    "precision": 0.062,
    "recall": 0.043
   },
   {
    "class": "None",
    "support": 28662,
    "precision": 0.998,
    "recall": 0.684
   }
  ]
 },
 "n_trees": 60,
 "max_depth": 6,
 "n_features": 32
}