{
 "temperature_2m_max": {
  "a": 16.780420380783195,
  "b": -9.50533845213042,
  "c": 0.6575503932324573
 },
 "temperature_2m_min": {
  "a": 7.52551250404212,
  "b": -9.049993040978737,
  "c": -1.5561885195380676
 },
 "temperature_2m_mean": {
  "a": 12.152966442412644,
  "b": -9.277665746554549,
  "c": -0.44931906315280984
 },
 "temperature_2m_range": {
  "a": 9.25490787674108,
  "b": -0.45534541115166793,
  "c": 2.2137389127705243
 },
 "precipitation_sum": {
  "a": 2.4588089713458374,
  "b": -0.7681195135553373,
  "c": -0.4520637847409235
 },
 "wind_speed_10m_max": {
  "a": 18.984253042272137,
  "b": -0.2845647610702091,
  "c": 3.098218808440637
 },
 "sunshine_duration": {
  "a": 34691.71871199301,
  "b": -9819.611611154267,
  "c": 428.3492236555309
 },
 "sunshine_hours": {
  "a": 9.636588531109147,
  "b": -2.7276698919872953,
  "c": 0.11898589545987119
 }
}